,Metric,FF3,FF5
0,Static ER (%),26.428565248988754,26.271081265798212
1,Rolling ER - Mean (%),22.673021673717425,20.926045769786647
2,Rolling ER - Current (%),75.49988563483139,69.09263458897966
3,Difference Static-Current (%),-49.07132038584263,-42.82155332318145
